{"ret": 0.7139077528311975, "mtx": [[1263.2585580827906, 0.0, 625.8646407398267], [0.0, 1261.8391635740445, 501.58887345954685], [0.0, 0.0, 1.0]], "dist": [[-0.00427500357165346, 0.004432495039183932, -0.003436233338673373, 0.0005219927524342715, -0.03891383578356612]], "rvecs": [[[-0.04881923579977225], [0.3436397941353155], [0.060392010372552776]], [[-0.28979133099434307], [0.4055725547690824], [0.09551697813625533]], [[-0.5881912587010161], [0.8703208845926255], [-0.12186069569490597]], [[-0.07034749147689577], [0.4423944755575059], [0.08620199384034054]], [[0.1232013906105916], [0.18096664886819783], [0.3242507112196777]], [[-0.51909452803415], [0.7559212667134051], [-0.05203657257136234]], [[-0.34545533009541174], [0.7144364541527165], [-0.026933227229292096]], [[-0.27786652107548093], [0.24562098217620723], [-0.021266170214930366]], [[0.10385106291377447], [-0.17180812020638142], [0.16383636316671726]], [[-0.17833086724818745], [0.09922624165198192], [-0.060074589661875136]], [[-0.16517703571710304], [0.13165240102996734], [-0.05674609381587295]], [[-0.14876629560631008], [0.13361752398686993], [-0.01918067558320595]], [[-0.14256700184610913], [0.13116392714081893], [-0.06793176536290835]], [[-0.13318614177091062], [0.17183708167213146], [-0.07533525427932808]], [[-0.12457680239507692], [0.2328905336782366], [-0.05496641116158817]], [[-0.14445525417907468], [0.3909151642643329], [0.040805403325412326]], [[-0.11954313292599932], [0.2753493048003362], [-0.03655197601459615]], [[-0.10001648776701554], [0.3164882936180442], [-0.033684268953231074]], [[-0.022051750259023933], [0.3590755693271526], [-0.06358617283729523]], [[0.3103497775500898], [0.24189184736346908], [-0.08742388512745289]], [[-0.011180213677282287], [0.282677410369408], [-0.08626458124379664]], [[0.012949384187948755], [0.1359542457615173], [-0.0845596398196779]], [[0.07014175959563983], [-0.2179335665262581], [-0.004845443196689603]], [[0.036287244670461245], [-0.02797633931471935], [-0.06377876052020612]], [[-0.03007765164995661], [0.3164939291920634], [-0.0687620490353759]], [[-0.08506795112773441], [0.6174429416512266], [-0.057014722631503194]], [[-0.09692861382717209], [0.632291239589297], [-0.036382483074901634]], [[0.01937029456311027], [0.2356855225408358], [0.018749539013783872]], [[0.2009559911277681], [-0.2595526653707861], [0.05036177922971191]], [[0.1459152802364822], [-0.19681496969215867], [0.03547501985313955]], [[0.024907366736050568], [0.09641859044642116], [-0.06194182979471181]], [[-0.032597273459952954], [0.49978510317027963], [-0.11407094749987487]], [[-0.10033560305535001], [0.6318945692537455], [-0.035906214740527215]], [[-0.44165313185903204], [0.5194014046990653], [-0.09000029288516685]], [[-0.3434557933942187], [0.11836807806868005], [0.03179418978933482]], [[-0.048034576970946444], [-0.4292673376375271], [0.11013253970066521]], [[-0.46500620408487753], [0.4481856680159999], [0.058438703405059016]], [[-0.11394670618552757], [-0.056707213321473764], [0.013330371099237742]], [[-0.19245693283315585], [0.48443329903884763], [0.014453947522389444]], [[0.083387546676221], [0.528533632018882], [0.08997445511478662]], [[0.4214950941774159], [0.010351228361901287], [0.17507338663726735]], [[0.3847757296582201], [-0.5233862790732047], [0.10334684056716442]], [[0.012039504351421445], [-0.005861722609821339], [0.11847614365213165]], [[-0.22999360131723728], [0.6131762995409801], [0.11337640036026676]], [[-0.8553983917967264], [0.49595393378925884], [0.17709579344529444]], [[0.5170403657834229], [0.14977349874498316], [0.03923772621394466]], [[-0.24879232531341294], [0.03240157439086474], [0.10481643030254666]], [[0.48841654440469706], [-0.14880192282134527], [0.07159139890371065]], [[0.059317447826280414], [0.1352427966329941], [0.1493307861832478]], [[-0.3650456953429972], [0.5070257944066954], [0.015716397093173653]]], "tvecs": [[[0.006084690173755617], [-0.16791789460150236], [0.9410953988432618]], [[-0.027201433716719924], [-0.07852681932384656], [0.8748864362150609]], [[0.0848561604637805], [0.056338129505109906], [0.8397906710618027]], [[0.01966406798428678], [-0.08897417000074541], [0.7532939613972235]], [[-0.00667365029048288], [-0.2430960705849154], [0.6442980939486738]], [[0.046444944957661674], [-0.008871184777227715], [0.6674925677646293]], [[0.059882942118623425], [-0.038016341250249254], [0.6325690399440779]], [[-0.03278182602572277], [-0.05033168427437645], [0.42040627244752965]], [[-0.10579737654009608], [-0.21312339362199736], [0.7956220507383802]], [[-0.11845769291566476], [-0.06047120617825356], [0.3472934213046618]], [[-0.1011255886694076], [-0.0546648903333541], [0.46391545064405887]], [[-0.0948620496038447], [-0.06741798789186335], [0.5622282902408706]], [[-0.0734629758546567], [-0.04346396776400766], [0.6966706304297887]], [[-0.0531745300417006], [-0.030487117436911397], [0.7958187889908148]], [[-0.04626616225402123], [-0.03116533738574885], [0.891184943057199]], [[0.04354214384976969], [-0.15685727559701285], [0.8364933233644374]], [[-0.0340862380301439], [-0.023666683301639152], [0.9807939980686812]], [[-0.02335405244440518], [-0.014673826567284486], [1.073353026122251]], [[-0.0018797971402920606], [-0.005963758290400492], [1.1554586346440054]], [[-0.006518804762825578], [-0.07445450134712403], [1.1234851814639861]], [[0.0033201676421422037], [-0.030918510251938], [1.10274001069342]], [[-0.10755475597256171], [-0.007638627955644061], [1.105850936169762]], [[-0.28699901752446977], [-0.05426637869643926], [0.9974823411437502]], [[-0.15069891016426232], [-0.024361216131086574], [1.06224725871467]], [[0.07800833026636843], [-0.020303200370420535], [1.099869121728804]], [[0.2626486899050987], [-0.008424034566300915], [1.0729825189192945]], [[0.25988557345025715], [-0.029818901647921486], [1.0916799018366556]], [[0.0339785342293989], [-0.1325495140621371], [1.1541348695778617]], [[-0.17388304608759278], [-0.16806765432095405], [1.0518745008584491]], [[-0.12392966258911735], [-0.15415246699541776], [1.0561316837734263]], [[0.05715277441193421], [-0.10263804758192091], [1.1084708682432294]], [[0.21248231447287708], [-0.05967854240403053], [1.0901373054086871]], [[0.25482820242009], [0.006667657878621126], [1.0225559915362317]], [[0.10237404997950918], [0.13154106260389628], [1.0275583328405453]], [[-0.10239332154307962], [0.04027828172021975], [1.012726624234436]], [[-0.1888294044591889], [-0.04875121799892331], [0.8695352803796537]], [[0.06776686991378388], [-0.09864080888112517], [0.7212246776377136]], [[-0.08662397416049059], [-0.027793933182457407], [0.904281051404]], [[0.10464132017670023], [-0.015670149553469986], [0.9405739248861616]], [[0.13529987375421917], [-0.10716676130145207], [0.8859186653570134]], [[-0.04732599300677896], [-0.18736282406343743], [0.8399259533256206]], [[-0.1883461898779643], [-0.20202052392427952], [0.7044301647525948]], [[-0.13256573624451873], [-0.18939417509395198], [0.7693724985727584]], [[0.07099714103412717], [-0.11539267029110759], [0.8110927564797963]], [[0.03233165956996831], [0.006661669423581706], [0.7822358276186024]], [[-0.011911684034267192], [-0.22381454159648753], [0.61981001351543]], [[-0.12814716264860224], [-0.11800783764682451], [0.7535335756858443]], [[-0.11471037104554804], [-0.26678351831095876], [0.7099509175333617]], [[-0.06467511667629798], [-0.2657406218304082], [0.7589341893283219]], [[0.008758630263975208], [-0.08301072720354215], [0.8163290235629734]]]}