{"ret_stereo": 2.2371624213747054, "camera_mat_left": [[1276.907401758106, 0.0, 623.6443049912236], [0.0, 1275.5158132645186, 495.9953379759524], [0.0, 0.0, 1.0]], "distortion_left": [[-0.00045879513308727364, 0.0008519030778991283, -0.0014425434987953552, -0.002391758489135336, -0.011024179400678956]], "camera_mat_right": [[1271.7250815798031, 0.0, 615.2168782515536], [0.0, 1270.29928650332, 497.70738734357985], [0.0, 0.0, 1.0]], "distortion_right": [[0.0011092572220001249, -0.0659887572623026, -0.003943058557415224, -0.0027504658186937644, 0.20707520064314794]], "rotation_mat": [[0.999427391262294, 0.031321847490626976, 0.012799666574541417], [-0.03142985328896033, 0.9994712817736705, 0.008325937300417042], [-0.012532115419192325, -0.00872346143855469, 0.9998834168560103]], "translation_vec": [[-82.38633761094552], [-0.2664338681351373], [-0.10380139912678668]], "essential_mat": [[7.651724130768901e-05, 0.10607074300975168, -0.2655385624962996], [-1.1362170534435754, -0.721945290805594, 82.37540412938625], [2.8556718099009943, -82.33443325166601, -0.6825332166834276]], "fundamental_mat": [[-1.8737647472010784e-11, -2.6003088152748515e-08, 9.594057328810154e-05], [2.78550694675917e-07, 1.7718248471265126e-07, -0.02604854390936179], [-0.0010279436376907547, 0.02559652315407256, 0.9999999999999999]], "baseline_cm": 8.23868338187677}