{"ret_stereo": 0.11256145657769738, "camera_mat_left": [[5227.188241432486, 0.0, 1358.2071267298427], [0.0, 5253.275142581037, 1069.9691123974376], [0.0, 0.0, 1.0]], "distortion_left": [[0.06534623070533141, -3.7835707962480987, 0.008662228040138463, -0.0006597479873898787, 32.06325926113453]], "camera_mat_right": [[5171.343113438823, 0.0, 1271.432829427134], [0.0, 5193.705730540064, 1054.2217007868003], [0.0, 0.0, 1.0]], "distortion_right": [[0.05308967482188399, -24.157512834013172, 0.006936948770318427, -0.001851941667086238, 636.4582156463883]], "rotation_mat": [[0.9995660462678819, 0.007343530352739217, 0.028527034727657816], [-0.0075613343992051475, 0.9999430260272316, 0.007534648074500066], [-0.028470078512325782, -0.007747080834841499, 0.9995646239078494]], "translation_vec": [[133.5642365181831], [-7.647846674705532], [-17.14356325674625]], "essential_mat": [[0.08810658070091129, 17.201835006241527, -7.515346269224418], [-13.33353944337766, 0.9088386598202325, -133.99514086721774], [6.634604007009867, 133.61278902719766, 1.2245299051849265]], "fundamental_mat": [[2.1242752765684467e-09, 4.126817063513542e-07, -0.0013915936720611843], [-3.2009133057392354e-07, 2.1709671242020598e-08, -0.016403043938614033], [0.0011619659380627115, 0.016028877387654548, 1.0]], "baseline_cm": 13.487696836963313}