{"ret": 0.2637178539346712, "mtx": [[1274.8100644411265, 0.0, 607.9214727427337], [0.0, 1272.8767104828326, 495.8583528293125], [0.0, 0.0, 1.0]], "dist": [[-0.0014324139951005742, -0.010886550885237618, -0.0047406078904782345, -0.004376097938395788, 0.01607792855822459]], "rvecs": [[[-0.052439686981865095], [0.365035635426088], [0.06162816868200597]], [[-0.2961545889729088], [0.4199940096463507], [0.09531836652811605]], [[-0.5917815276412899], [0.8805957354193718], [-0.12089020672498747]], [[-0.07544660419446633], [0.45377053553823277], [0.08673316653446733]], [[0.1128107948956576], [0.19716836406564336], [0.3253299454117498]], [[-0.5254858972849703], [0.7675883566583537], [-0.04906769115885961]], [[-0.3558061495539413], [0.7240615728637549], [-0.02251397888543368]], [[-0.2736333810040951], [0.26635517658179175], [-0.019213993421273872]], [[0.10041834852945833], [-0.15993982743847995], [0.1641155370977595]], [[-0.179787389403686], [0.11408734223858875], [-0.059240779893790264]], [[-0.17258644545511717], [0.14501705414251143], [-0.05569096515874617]], [[-0.15345014951344071], [0.14744472844987822], [-0.018296195269673396]], [[-0.1476173168306238], [0.1437237496509077], [-0.06714198460353625]], [[-0.13462659280024197], [0.18563574551432394], [-0.07502984407567699]], [[-0.12801653651397887], [0.24413109429670848], [-0.054626095675629094]], [[-0.14878552845405707], [0.40074166237339665], [0.04201610281522902]], [[-0.12228142551267655], [0.2893787344402538], [-0.03648502056547744]], [[-0.10211942198865417], [0.32925443184938163], [-0.03379613850734146]], [[-0.02348389300688133], [0.37207086505285103], [-0.06446606369781853]], [[0.3125243062215525], [0.25469535849006036], [-0.08970648106006557]], [[-0.01406398150095085], [0.3021450745383624], [-0.08624417887274999]], [[0.016382757092121107], [0.15577328862259604], [-0.085784371319646]], [[0.062076836573475125], [-0.20860447930812628], [-0.0057392656063940525]], [[0.017465780855964095], [-0.01914015032837593], [-0.0640781449370512]], [[-0.03140436478779309], [0.31876553365976334], [-0.06999481336199938]], [[-0.0826229082671079], [0.6235731073672922], [-0.05904248576748937]], [[-0.09317636939231344], [0.6376052364493444], [-0.03786726621412619]], [[0.014863264776287565], [0.239467184886256], [0.018574368139615174]], [[0.19162314164028987], [-0.2475755764394041], [0.04969453235261132]], [[0.15016227805255317], [-0.18783638104502973], [0.03610323169274942]], [[0.040078057343023], [0.13281520717164316], [-0.06311274618891323]], [[-0.032265998445256086], [0.502851403622125], [-0.11580994126129665]], [[-0.0910202847890287], [0.6355472319237341], [-0.037235059925458815]], [[-0.440397445895284], [0.5283288571522419], [-0.08945438029737214]], [[-0.3425722926256286], [0.1337873905640331], [0.033615815838386874]], [[-0.05230304584786099], [-0.4182475004975226], [0.1111082426421271]], [[-0.47163413976845553], [0.4588532173736706], [0.061482274647604154]], [[-0.12302479630578383], [-0.04869847903337027], [0.013832716858661418]], [[-0.19711137466865136], [0.4896370309281545], [0.015642297007448763]], [[0.078270372764061], [0.5394516923580759], [0.08904861584375069]], [[0.41931295128056073], [0.023221319325008302], [0.17266415507581293]], [[0.3785651463804008], [-0.5100821605759838], [0.102521929104927]], [[0.00577154173263775], [0.013641548087950843], [0.1195960111747946]], [[-0.23515771348969783], [0.6244871676612983], [0.1140706604169112]], [[-0.8588982680680244], [0.5074574199696816], [0.18219091313141333]], [[0.5148555895261938], [0.16275741084475728], [0.036950331253733135]], [[-0.25267850689590327], [0.04739362730399205], [0.10650689471021905]], [[0.47810392606909013], [-0.12733154084704834], [0.07007922578004339]], [[0.056705564180130424], [0.1527113981257108], [0.1508301654930986]], [[-0.37270307416499343], [0.515690115514294], [0.01654993384792946]], [[-0.44907437956260465], [0.8347522961558987], [-0.14801781921007148]], [[-0.14636660570362875], [0.3153334914901629], [0.00016976726713259103]], [[0.3014508680238917], [-0.11271500896461778], [0.0527258177567286]], [[0.18536438511097114], [-0.18334142960754138], [0.1702670096468815]], [[-0.19544241447160587], [0.39352990483217154], [0.05628366154430483]], [[0.31721594744001214], [0.3471912118531779], [-0.005588933513176844]], [[0.21989411167227926], [0.13368430873488607], [0.11042895305796348]], [[-0.4907286743557458], [0.2914819699491067], [0.0510195272548939]], [[-0.1719213802045471], [0.27806291213226797], [-0.005272970163655517]], [[0.36609199864432823], [0.04582711357129399], [0.002281539138536113]], [[0.48322122823583874], [-0.03708055728731478], [0.17675624133374035]], [[-0.14314035085780125], [0.2330874509296867], [0.10610689472342229]], [[-0.06628384791369221], [0.31169275884427455], [0.12895652641888025]], [[-0.6150132374270926], [0.3405417782021], [-0.0017758376091690038]], [[-0.3739369930644967], [0.29125547145141933], [-0.04226343130257256]], [[0.1104608060224426], [-0.016013552934911017], [0.00737780509080095]], [[0.19361807423710517], [-0.08246193569616495], [0.048022882151930915]], [[-0.2977159759517509], [0.3002049543884583], [-0.06732478586281775]], [[-0.1944352088502606], [0.24776916950287617], [-0.09474987298238455]], [[0.17171568932887613], [-0.02912001700933524], [-0.024809110962788452]], [[0.18978908404835831], [-0.020619385334199877], [0.030473099544137707]], [[0.2184260261768173], [0.032889446040563], [0.08883779412760229]], [[0.30404893855702186], [-0.004109711115445877], [0.12350165344727604]], [[-0.6276869296734134], [0.8189780873698131], [-0.18041413037230822]], [[-0.4253488049463892], [0.1603885051205446], [0.05434256874271902]], [[-0.38722963301545804], [0.16561809468876906], [0.017420745923990486]], [[0.2197893120289544], [-0.0016202888457967166], [0.08290258425186638]], [[-0.35302685432128705], [0.20963915294293983], [0.05332836265584586]], [[-0.4814810912603543], [0.9102648714376167], [-0.2962647002509877]], [[-0.9208861149506976], [0.2804724641552625], [-0.05226716976781762]], [[-0.22793245459455608], [0.08464627252576518], [-0.02190235757483704]], [[-0.05146049258264451], [0.2997014766301041], [0.06289633466878723]], [[-0.2533286332112369], [0.7512321260621095], [-0.0624521757783676]], [[-0.12630752398156717], [0.5630835628450064], [-0.07856519963580737]], [[0.1324934247513622], [-0.050966606384466484], [-0.01471343284464694]], [[0.050945654847228204], [-0.26611896421956116], [-0.002230104792841834]], [[-0.08715598241958011], [0.3587612479199577], [-0.061851411313780295]], [[-0.2600480314125148], [0.7975671058966263], [-0.12164803310916338]], [[-0.16031052760402573], [0.5798681118704408], [-0.044176336175384516]], [[0.0403084917875446], [0.029188585473351646], [-0.05200919472004809]], [[0.6270652549552609], [-0.04713461111658772], [-0.013688676507626394]], [[-0.20755923885135852], [0.3736600027055907], [0.02635474843419004]], [[-0.717888355279689], [0.6738320227819621], [0.019577889573875157]], [[-0.1979415784678292], [0.624371201484299], [0.14937185510568426]], [[-0.19688578875745902], [0.8592902451125518], [-0.04640226477731934]], [[0.23621896446263346], [0.4225419297432127], [-0.054498549248343964]], [[0.7005654616112077], [-0.037125075046747044], [0.13911878460680233]], [[0.572439749775623], [-0.38840370313375877], [0.35209081523116026]], [[-0.608293170034436], [0.4885163653451155], [0.15444321191113117]], [[-0.8631929041650231], [0.6379227727550986], [0.16594358729464892]]],